SNV_1,SNV_2,SNV_3,SNV_4,SNV_5,
0.0201637,0.00316871,0.329667,0.115415,0.0425278,
0.00359581,0.000125296,0.275556,0,0.366846,
